test,answer,is_complete,t_wasp,t_solver,n_paths,instructions
_build/array-fpi/ssinaf.wat,False,False,0.04,0.0,1,33378
_build/array-fpi/ss1f.wat,False,False,0.08,0.0,1,188786
_build/array-fpi/ss3f.wat,False,False,0.13,0.0,1,420928
_build/array-fpi/ss2f.wat,False,False,0.13,0.0,1,344908
_build/array-fpi/ss4f.wat,False,False,0.18,0.0,1,499202
_build/array-fpi/sqmf.wat,False,False,0.09,0.0,1,197612
_build/array-fpi/sina5f.wat,False,False,0.1,0.0,1,248070
_build/array-fpi/sqm-iff.wat,False,False,0.23,0.0,1,702168
_build/array-fpi/sina4f.wat,False,False,0.26,0.0,1,804530
_build/array-fpi/ssina.wat,True,False,895.16,0.268059,2,1151226328
_build/array-fpi/ss3.wat,True,False,895.2,0.116278,2,1279188558
_build/array-fpi/ss4.wat,True,False,895.22,0.117868,2,1377139416
_build/array-fpi/ss2.wat,True,False,895.2,0.238641,2,1088524012
_build/array-fpi/ss1.wat,True,False,895.22,0.228608,2,1407687612
_build/array-fpi/sina3f.wat,False,False,0.13,0.0,1,319842
_build/array-fpi/sina2f.wat,False,False,0.06,0.0,1,144220
_build/array-fpi/sqm-if.wat,True,False,895.16,92.653733,36,1069130171
_build/array-fpi/sqm.wat,True,False,895.26,0.036603,3,1656875229
_build/array-fpi/sina5.wat,True,False,895.14,0.177561,3,1149762787
_build/array-fpi/sina1f.wat,False,False,0.08,0.0,1,218044
_build/array-fpi/s5liff.wat,False,False,0.06,0.0,1,111516
_build/array-fpi/s5iff.wat,False,False,0.09,0.0,1,229106
_build/array-fpi/s52iff.wat,False,False,0.1,0.0,1,255436
_build/array-fpi/s4liff.wat,False,False,0.06,0.0,1,129002
_build/array-fpi/sina4.wat,True,False,895.12,0.082588,3,1246591322
_build/array-fpi/s4iff.wat,False,False,0.05,0.0,1,97098
_build/array-fpi/s42iff.wat,False,False,0.07,0.0,1,175276
_build/array-fpi/sina3.wat,True,False,895.1,0.176313,3,1272594992
_build/array-fpi/s3liff.wat,False,False,0.11,0.0,1,296368
_build/array-fpi/sina2.wat,True,False,895.16,0.081814,3,1419269488
_build/array-fpi/sina1.wat,True,False,895.18,0.101121,3,1658139570
_build/array-fpi/s3iff.wat,False,False,0.09,0.0,1,163102
_build/array-fpi/s5lif.wat,True,False,895.2,2.060296,13,1419640307
_build/array-fpi/s5if.wat,True,False,895.22,0.039925,3,1672196804
_build/array-fpi/s32iff.wat,False,False,0.06,0.0,1,113820
_build/array-fpi/s52if.wat,True,False,895.2,3.735145,10,1354905901
_build/array-fpi/s2liff.wat,False,False,0.03,0.0,1,54062
_build/array-fpi/s4lif.wat,True,False,895.21,0.090048,3,1440564383
_build/array-fpi/s2iff.wat,False,False,0.08,0.0,1,204070
_build/array-fpi/s22iff.wat,False,False,0.06,0.0,1,161916
_build/array-fpi/s4if.wat,True,False,895.18,0.067391,3,1659517480
_build/array-fpi/s42if.wat,True,False,895.16,0.064328,3,1351039898
_build/array-fpi/s1liff.wat,False,False,0.03,0.0,1,36576
_build/array-fpi/s1iff.wat,False,False,0.04,0.0,1,65234
_build/array-fpi/s12iff.wat,False,False,0.03,0.0,1,20300
_build/array-fpi/s3lif.wat,True,False,895.13,0.102198,3,1452757202
_build/array-fpi/s3if.wat,True,False,895.11,0.081233,3,1684965048
_build/array-fpi/res2of.wat,False,False,0.16,0.0,1,488712
_build/array-fpi/res2f.wat,False,False,0.2,0.0,1,640056
_build/array-fpi/res1.wat,Crash,False,698.49,0.0,0,0
_build/array-fpi/s32if.wat,True,False,895.12,0.096332,3,1394012282
_build/array-fpi/s2lif.wat,True,False,895.14,0.075552,3,1454630496
_build/array-fpi/res1of.wat,False,False,0.14,0.0,1,401700
_build/array-fpi/s22if.wat,True,False,895.15,0.072828,3,1375097679
_build/array-fpi/res1f.wat,False,False,0.08,0.0,1,187304
_build/array-fpi/s2if.wat,True,False,895.2,0.05816,3,1637775233
_build/array-fpi/s1lif.wat,True,False,895.2,0.050029,3,1480794937
_build/array-fpi/s1if.wat,True,False,895.23,0.054447,3,1655724960
_build/array-fpi/s12if.wat,True,False,895.2,0.069492,3,1382683563
_build/array-fpi/res2.wat,True,False,895.16,0.242793,5,1137210507
_build/array-fpi/res2o.wat,True,False,895.16,0.061494,2,1140231734
_build/array-fpi/pcompf.wat,False,False,0.21,0.0,1,556770
_build/array-fpi/nsqm-iff.wat,False,False,0.13,0.0,1,379118
_build/array-fpi/ms5f.wat,False,False,0.05,0.0,1,95676
_build/array-fpi/ms4f.wat,False,False,0.03,0.0,1,38684
_build/array-fpi/nsqmf.wat,False,False,0.26,0.0,1,859918
_build/array-fpi/ncompf.wat,False,False,0.34,0.0,1,940162
_build/array-fpi/ms3f.wat,False,False,0.1,0.0,1,262268
_build/array-fpi/ms2f.wat,False,False,0.03,0.0,1,25450
_build/array-fpi/ms3.wat,Crash,False,148.28,0.0,0,0
_build/array-fpi/ms1f.wat,False,False,0.05,0.0,1,104110
_build/array-fpi/mods.wat,Crash,False,420.78,0.0,0,0
_build/array-fpi/res1o.wat,True,False,895.11,0.267626,5,1346784830
_build/array-fpi/modp.wat,Crash,False,87.89,0.0,0,0
_build/array-fpi/modpf.wat,False,False,0.07,0.0,1,201576
_build/array-fpi/modn.wat,Crash,False,43.54,0.0,0,0
_build/array-fpi/modnf.wat,False,False,0.09,0.0,1,263566
_build/array-fpi/nsqm.wat,True,False,895.06,7.380121,23,260180567
_build/array-fpi/pcomp.wat,True,False,895.1,0.439055,6,1146331496
_build/array-fpi/nsqm-if.wat,True,False,895.13,0.159751,3,1223487744
_build/array-fpi/indp5f.wat,False,False,0.15,0.0,1,342020
_build/array-fpi/ncomp.wat,True,False,895.11,0.711729,10,1113882942
_build/array-fpi/indp4f.wat,False,False,0.15,0.0,1,406336
_build/array-fpi/ms5.wat,True,False,895.19,0.252929,9,1636325711
_build/array-fpi/indp3f.wat,False,False,0.1,0.0,1,247452
_build/array-fpi/ms4.wat,True,False,895.17,0.139725,4,1680646446
_build/array-fpi/indp1.wat,False,False,0.07,0.0,1,179715
_build/array-fpi/indp2f.wat,False,False,0.16,0.0,1,465352
_build/array-fpi/indp1f.wat,False,False,0.13,0.0,1,441568
_build/array-fpi/ms2.wat,True,False,895.12,0.175354,5,36185841
_build/array-fpi/ms1.wat,True,False,895.16,2.269881,28,1679373779
_build/array-fpi/ifeqn5f.wat,False,False,0.18,0.0,1,562740
_build/array-fpi/ifncompf.wat,False,False,0.31,0.0,1,984464
_build/array-fpi/ifeqn4f.wat,False,False,0.17,0.0,1,570861
_build/array-fpi/ifeqn3f.wat,False,False,0.29,0.0,1,947574
_build/array-fpi/ifeqn2.wat,Crash,False,194.91,0.0,0,0
_build/array-fpi/ifeqn2f.wat,False,False,0.03,0.0,1,71272
_build/array-fpi/modsf.wat,True,False,895.11,0.505952,6,1259198586
_build/array-fpi/ifeqn1f.wat,False,False,0.15,0.0,1,462889
_build/array-fpi/indp5.wat,True,False,895.09,0.057245,3,1149563081
_build/array-fpi/ifcompf.wat,False,False,0.18,0.0,1,569460
_build/array-fpi/indp4.wat,True,False,895.13,0.746591,8,1332833954
_build/array-fpi/indp3.wat,True,False,895.12,0.985068,10,1191455211
_build/array-fpi/eqn5f.wat,False,False,0.13,0.0,1,355578
_build/array-fpi/indp2.wat,True,False,895.11,0.426604,6,1382184840
_build/array-fpi/ifncomp.wat,True,False,895.09,1.250472,10,759938406
_build/array-fpi/eqn4f.wat,False,False,0.2,0.0,1,565528
_build/array-fpi/ifeqn5.wat,True,False,895.13,0.187203,6,1298212812
_build/array-fpi/eqn3f.wat,False,False,0.24,0.0,1,798462
_build/array-fpi/ifeqn4.wat,True,False,895.13,0.84423,8,1256872448
_build/array-fpi/eqn2f.wat,False,False,0.28,0.0,1,851502
_build/array-fpi/ifeqn3.wat,True,False,895.12,0.511121,6,1270843767
_build/array-fpi/eqn1f.wat,False,False,0.13,0.0,1,431088
_build/array-fpi/condnf.wat,False,False,0.04,0.015632,2,4181
_build/array-fpi/condmf.wat,False,False,0.05,0.0,1,128204
_build/array-fpi/ifeqn1.wat,True,False,895.09,0.447792,5,1289356449
_build/array-fpi/condgf.wat,False,False,0.08,0.0,1,175636
_build/array-fpi/ifcomp.wat,True,False,895.1,0.739091,6,1045749876
_build/array-fpi/condaf.wat,False,False,0.03,0.0,1,50272
_build/array-fpi/eqn5.wat,True,False,895.1,0.574071,10,1339652417
_build/array-fpi/brs5f.wat,False,False,0.09,0.0,1,270251
_build/array-fpi/eqn4.wat,True,False,895.1,2.473949,16,1324194885
_build/array-fpi/brs4f.wat,False,False,0.04,0.0,1,73716
_build/array-fpi/eqn3.wat,True,False,895.1,0.721742,6,1355238290
_build/array-fpi/brs3f.wat,False,False,0.05,0.0,1,80523
_build/array-fpi/eqn2.wat,True,False,895.11,0.615997,10,1355057914
_build/array-fpi/brs2f.wat,False,False,0.03,0.0,1,39870
_build/array-fpi/eqn1.wat,True,False,895.13,0.071907,3,1346552479
_build/array-fpi/brs1f.wat,False,False,0.09,0.0,1,180474
_build/array-fpi/condm.wat,True,False,895.15,0.937542,15,1539941581
_build/array-fpi/condn.wat,True,False,895.17,0.103616,2,1493325914
_build/array-fpi/condg.wat,True,False,895.13,0.040438,3,1423544717
_build/array-fpi/conda.wat,True,False,895.1,0.061861,3,1434797612
_build/array-fpi/brs5.wat,True,False,895.12,0.111122,3,1606885129
_build/array-fpi/brs4.wat,True,False,895.14,2.419509,28,1585579444
_build/array-fpi/brs3.wat,True,False,895.13,0.079552,3,1613321986
_build/array-fpi/brs2.wat,True,False,895.13,0.216652,5,1577549734
_build/seq-pthread/cs_read_write_lock-2.wat,True,True,0.09,0.060325,2,3681
_build/array-fpi/brs1.wat,True,False,895.07,0.165738,4,37272335
_build/seq-pthread/cs_time_var_mutex.wat,True,False,895.03,0.018472,1,5464
_build/seq-pthread/cs_sync.wat,True,False,895.02,0.017271,1,3617
_build/seq-pthread/cs_szymanski.wat,True,False,895.04,0.01671,1,5086
_build/seq-pthread/cs_stateful-2.wat,True,False,895.03,0.017807,1,3637
_build/seq-pthread/cs_stateful-1.wat,True,False,895.44,843.428104,829,13826135
_build/seq-pthread/cs_stack-2.wat,True,False,895.09,795.151346,447,19788084
_build/seq-pthread/cs_stack-1.wat,True,False,895.03,0.018165,1,6051
_build/seq-pthread/cs_read_write_lock-1.wat,True,False,895.03,0.015489,1,5193
_build/seq-pthread/cs_queue-1.wat,True,False,895.03,0.025481,1,24243
_build/nla-digbench-scaling/sqrt1-ll_valuebound5.wat,True,True,0.11,0.071477,3,6758
_build/seq-pthread/cs_peterson.wat,True,False,895.03,0.015484,1,5305
_build/nla-digbench-scaling/sqrt1-ll_valuebound50.wat,True,True,0.2,0.151022,8,35598
_build/nla-digbench-scaling/sqrt1-ll_valuebound2.wat,True,True,0.07,0.048776,2,3627
_build/seq-pthread/cs_lamport.wat,True,False,895.03,0.017256,1,5524
_build/nla-digbench-scaling/sqrt1-ll_valuebound1.wat,True,True,0.08,0.054935,2,3627
_build/seq-pthread/cs_fib_longer-2.wat,True,False,895.02,0.015542,1,10716
_build/nla-digbench-scaling/sqrt1-ll_valuebound20.wat,True,True,0.16,0.112392,5,15657
_build/nla-digbench-scaling/sqrt1-ll_valuebound10.wat,True,True,0.11,0.078113,4,10768
_build/nla-digbench-scaling/sqrt1-ll_unwindbound2.wat,True,True,0.08,0.047069,3,7102
_build/nla-digbench-scaling/sqrt1-ll_unwindbound5.wat,True,True,0.16,0.112842,6,25102
_build/seq-pthread/cs_queue-2.wat,True,False,895.71,825.629723,645,14987755
_build/nla-digbench-scaling/sqrt1-ll_unwindbound1.wat,True,True,0.05,0.029608,2,3326
_build/nla-digbench-scaling/sqrt1-ll_valuebound100.wat,True,True,0.3,0.222461,11,63450
_build/seq-pthread/cs_lazy.wat,True,False,895.39,835.482558,1017,16154286
_build/nla-digbench-scaling/ps6-ll_valuebound5.wat,True,True,0.17,0.121796,6,18572
_build/nla-digbench-scaling/sqrt1-ll_unwindbound10.wat,True,True,0.3,0.222327,11,77342
_build/nla-digbench-scaling/ps6-ll_valuebound2.wat,True,True,0.09,0.060866,3,5939
_build/nla-digbench-scaling/ps6-ll_valuebound1.wat,True,True,0.08,0.047129,2,3216
_build/nla-digbench-scaling/sqrt1-ll_unwindbound20.wat,True,True,0.72,0.537117,21,265222
_build/nla-digbench-scaling/ps6-ll_valuebound10.wat,True,True,0.29,0.214881,11,54507
_build/nla-digbench-scaling/ps6-ll_unwindbound5.wat,False,False,0.03,0.0,1,5850
_build/nla-digbench-scaling/ps6-ll_unwindbound50.wat,False,False,0.09,0.033694,3,54952
_build/nla-digbench-scaling/ps6-ll_unwindbound2.wat,False,False,0.02,0.0,1,2952
_build/nla-digbench-scaling/ps6-ll_unwindbound20.wat,False,False,0.03,0.0,1,20340
_build/nla-digbench-scaling/ps6-ll_unwindbound1.wat,False,False,0.02,0.0,1,1986
_build/nla-digbench-scaling/ps6-ll_unwindbound10.wat,False,False,0.03,0.0,1,10680
_build/nla-digbench-scaling/ps6-ll_valuebound20.wat,True,True,0.79,0.592013,21,182177
_build/nla-digbench-scaling/ps6-ll_unwindbound100.wat,False,False,0.2,0.07949,4,169341
_build/nla-digbench-scaling/ps5-ll_valuebound5.wat,True,True,0.16,0.116368,6,16871
_build/nla-digbench-scaling/ps5-ll_valuebound2.wat,True,True,0.09,0.057651,3,5426
_build/nla-digbench-scaling/ps5-ll_valuebound20.wat,True,True,0.66,0.5284,21,164411
_build/nla-digbench-scaling/ps5-ll_valuebound1.wat,True,True,0.06,0.042443,2,2949
_build/nla-digbench-scaling/ps5-ll_valuebound10.wat,True,True,0.26,0.204234,11,49326
_build/nla-digbench-scaling/sqrt1-ll_unwindbound50.wat,True,True,3.38,2.655607,51,1496062
_build/nla-digbench-scaling/ps5-ll_unwindbound5.wat,False,False,0.05,0.017754,2,6623
_build/nla-digbench-scaling/ps5-ll_unwindbound50.wat,False,False,0.04,0.0,1,44784
_build/nla-digbench-scaling/ps5-ll_unwindbound2.wat,False,False,0.02,0.0,1,2736
_build/nla-digbench-scaling/ps5-ll_unwindbound20.wat,False,False,0.03,0.0,1,18504
_build/nla-digbench-scaling/ps5-ll_unwindbound1.wat,False,False,0.02,0.0,1,1860
_build/nla-digbench-scaling/ps5-ll_unwindbound10.wat,False,False,0.02,0.0,1,9744
_build/nla-digbench-scaling/ps5-ll_unwindbound100.wat,False,False,0.15,0.033933,2,128387
_build/nla-digbench-scaling/ps4-ll_valuebound5.wat,True,True,0.16,0.116571,6,14516
_build/nla-digbench-scaling/ps6-ll_valuebound50.wat,True,True,3.6,2.910629,51,1011587
_build/nla-digbench-scaling/ps4-ll_valuebound2.wat,True,True,0.09,0.066558,3,4676
_build/nla-digbench-scaling/ps4-ll_valuebound20.wat,True,True,0.66,0.525152,21,141206
_build/nla-digbench-scaling/ps4-ll_valuebound1.wat,True,True,0.07,0.046933,2,2544
_build/nla-digbench-scaling/ps5-ll_valuebound50.wat,True,True,3.57,2.990352,51,911066
_build/nla-digbench-scaling/ps4-ll_valuebound10.wat,True,True,0.3,0.24138,11,42396
_build/nla-digbench-scaling/ps4-ll_unwindbound5.wat,False,False,0.03,0.0,1,4497
_build/nla-digbench-scaling/ps4-ll_unwindbound50.wat,False,False,0.03,0.0,1,38787
_build/nla-digbench-scaling/ps4-ll_unwindbound2.wat,False,False,0.02,0.0,1,2211
_build/nla-digbench-scaling/ps4-ll_unwindbound20.wat,False,False,0.02,0.0,1,15927
_build/nla-digbench-scaling/ps4-ll_unwindbound1.wat,False,False,0.02,0.0,1,1449
_build/nla-digbench-scaling/ps4-ll_unwindbound10.wat,False,False,0.02,0.0,1,8307
_build/nla-digbench-scaling/ps4-ll_unwindbound100.wat,False,False,0.3,0.189678,6,190531
_build/nla-digbench-scaling/ps3-ll_valuebound5.wat,True,True,0.15,0.109656,6,12404
_build/nla-digbench-scaling/ps4-ll_valuebound50.wat,True,True,3.34,2.867229,51,782036
_build/nla-digbench-scaling/ps3-ll_valuebound2.wat,True,True,0.09,0.062232,3,3845
_build/nla-digbench-scaling/ps3-ll_valuebound50.wat,True,True,2.14,1.742752,51,706709
_build/nla-digbench-scaling/ps3-ll_valuebound1.wat,True,True,0.07,0.048469,2,2040
_build/nla-digbench-scaling/ps3-ll_valuebound20.wat,True,True,0.5,0.379673,21,125939
_build/nla-digbench-scaling/ps3-ll_valuebound10.wat,True,True,0.25,0.190428,11,37149
_build/nla-digbench-scaling/ps3-ll_unwindbound5.wat,True,True,0.12,0.091685,6,15192
_build/nla-digbench-scaling/ps3-ll_unwindbound50.wat,True,True,2.34,1.846358,51,938142
_build/nla-digbench-scaling/ps3-ll_unwindbound2.wat,True,True,0.09,0.06486,3,4206
_build/nla-digbench-scaling/ps3-ll_unwindbound20.wat,True,True,0.53,0.406572,21,164892
_build/nla-digbench-scaling/ps3-ll_unwindbound1.wat,True,True,0.05,0.030901,2,1948
_build/nla-digbench-scaling/ps3-ll_unwindbound10.wat,True,True,0.27,0.204028,11,47542
_build/nla-digbench-scaling/sqrt1-ll_unwindbound100.wat,True,True,15.24,12.77208,101,5771462
_build/nla-digbench-scaling/ps2-ll_valuebound5.wat,True,True,0.16,0.118686,6,9932
_build/nla-digbench-scaling/ps2-ll_valuebound50.wat,True,True,1.55,1.254137,51,566357
_build/nla-digbench-scaling/ps2-ll_valuebound2.wat,True,True,0.1,0.069446,3,3077
_build/nla-digbench-scaling/ps2-ll_valuebound20.wat,True,True,0.46,0.369462,21,100907
_build/nla-digbench-scaling/ps2-ll_valuebound1.wat,True,True,0.07,0.047012,2,1632
_build/nla-digbench-scaling/ps3-ll_valuebound100.wat,True,True,10.09,8.849382,101,2722659
_build/nla-digbench-scaling/ps2-ll_valuebound10.wat,True,True,0.24,0.184256,11,29757
_build/nla-digbench-scaling/ps2-ll_unwindbound5.wat,True,True,0.12,0.090212,6,12568
_build/nla-digbench-scaling/ps6-ll_valuebound100.wat,True,True,17.8,15.359417,101,3881937
_build/nla-digbench-scaling/ps2-ll_unwindbound2.wat,True,True,0.07,0.04591,3,3505
_build/nla-digbench-scaling/ps5-ll_valuebound100.wat,True,True,16.38,14.379844,101,3493491
_build/nla-digbench-scaling/ps2-ll_unwindbound1.wat,True,True,0.05,0.031491,2,1640
_build/nla-digbench-scaling/ps2-ll_unwindbound10.wat,True,True,0.22,0.170101,11,39233
_build/nla-digbench-scaling/ps2-ll_unwindbound20.wat,True,True,0.47,0.365381,21,135913
_build/nla-digbench-scaling/ps2-ll_unwindbound50.wat,True,True,1.62,1.261606,51,772753
_build/nla-digbench-scaling/ps4-ll_valuebound100.wat,True,True,15.91,14.345356,101,2998086
_build/nla-digbench-scaling/prodbin-ll_valuebound2.wat,True,True,0.51,0.48692,2,2848
_build/nla-digbench-scaling/prodbin-ll_valuebound5.wat,True,True,2.22,2.178829,5,8850
_build/nla-digbench-scaling/prodbin-ll_valuebound1.wat,True,True,0.16,0.137662,1,1198
_build/nla-digbench-scaling/ps3-ll_unwindbound100.wat,True,True,10.15,8.534795,101,3630892
_build/nla-digbench-scaling/ps2-ll_valuebound100.wat,True,True,5.72,4.841174,101,2182107
_build/nla-digbench-scaling/prodbin-ll_unwindbound5.wat,False,False,0.02,0.0,1,4045
_build/nla-digbench-scaling/ps2-ll_unwindbound100.wat,True,True,6.2,5.031908,101,2990153
_build/nla-digbench-scaling/prodbin-ll_unwindbound2.wat,False,False,0.02,0.0,1,2026
_build/nla-digbench-scaling/prodbin-ll_valuebound10.wat,True,True,9.44,9.369382,10,21092
_build/nla-digbench-scaling/prodbin-ll_unwindbound1.wat,False,False,0.02,0.0,1,1409
_build/nla-digbench-scaling/prodbin-ll_unwindbound10.wat,False,False,8.38,8.322382,4,23175
_build/nla-digbench-scaling/prodbin-ll_valuebound20.wat,True,True,40.59,40.472232,20,50022
_build/nla-digbench-scaling/prodbin-ll_unwindbound20.wat,False,False,45.25,45.188087,6,27331
_build/nla-digbench-scaling/prod4br-ll_valuebound5.wat,True,True,24.84,24.713316,20,63031
_build/nla-digbench-scaling/prod4br-ll_valuebound2.wat,True,True,1.12,1.066429,5,9261
_build/seq-pthread/cs_fib_longer-1.wat,True,False,895.03,0.025961,1,10788
_build/nla-digbench-scaling/prod4br-ll_valuebound1.wat,True,True,0.25,0.226096,2,2899
_build/nla-digbench-scaling/prodbin-ll_valuebound50.wat,True,True,326.11,325.802028,50,153616
_build/seq-pthread/cs_fib-2.wat,True,False,895.03,0.018388,1,9242
_build/nla-digbench-scaling/prod4br-ll_unwindbound5.wat,False,False,0.02,0.0,1,5862
_build/nla-digbench-scaling/prod4br-ll_unwindbound50.wat,False,False,8.48,8.350933,3,90725
_build/nla-digbench-scaling/prod4br-ll_unwindbound2.wat,False,False,0.03,0.0,1,2883
_build/nla-digbench-scaling/prod4br-ll_unwindbound20.wat,False,False,7.61,7.545811,4,38937
_build/nla-digbench-scaling/prod4br-ll_unwindbound1.wat,False,False,0.02,0.0,1,2113
_build/nla-digbench-scaling/prod4br-ll_unwindbound10.wat,False,False,4.91,4.855262,4,31914
_build/nla-digbench-scaling/prod4br-ll_valuebound10.wat,True,True,430.94,430.506991,65,279140
_build/seq-pthread/cs_fib-1.wat,True,False,895.02,0.017237,1,9314
_build/seq-pthread/cs_dekker.wat,True,False,895.03,0.026561,1,5305
_build/nla-digbench-scaling/prodbin-ll_valuebound100.wat,True,False,908.4,879.170018,68,240438
_build/nla-digbench-scaling/prodbin-ll_unwindbound50.wat,True,False,907.57,821.22233,19,281535
_build/nla-digbench-scaling/prod4br-ll_valuebound50.wat,True,False,909.35,890.468229,77,409903
_build/nla-digbench-scaling/prod4br-ll_valuebound20.wat,True,False,906.93,894.251861,88,414746
_build/nla-digbench-scaling/prod4br-ll_valuebound100.wat,True,False,915.67,877.64294,61,361703
_build/nla-digbench-scaling/mannadiv_unwindbound5.wat,False,False,0.08,0.040521,3,6561
_build/nla-digbench-scaling/mannadiv_unwindbound50.wat,False,False,0.11,0.051264,3,62505
_build/nla-digbench-scaling/mannadiv_unwindbound2.wat,False,False,0.02,0.0,1,1967
_build/nla-digbench-scaling/mannadiv_unwindbound20.wat,False,False,0.03,0.0,1,13163
_build/nla-digbench-scaling/mannadiv_unwindbound1.wat,False,False,0.02,0.0,1,1345
_build/nla-digbench-scaling/mannadiv_unwindbound10.wat,False,False,0.03,0.0,1,6943
_build/nla-digbench-scaling/mannadiv_unwindbound100.wat,False,False,0.04,0.0,1,62959
_build/nla-digbench-scaling/lcm2_valuebound5.wat,True,True,1.4,1.312403,19,41112
_build/nla-digbench-scaling/prodbin-ll_unwindbound100.wat,True,False,1399.49,346.362739,14,184418
_build/nla-digbench-scaling/lcm2_valuebound2.wat,True,True,0.21,0.18286,3,3416
_build/nla-digbench-scaling/mannadiv_valuebound5.wat,True,False,895.37,0.046167,3,2961980741
_build/nla-digbench-scaling/lcm2_valuebound1.wat,True,True,0.16,0.110899,1,792
_build/nla-digbench-scaling/prod4br-ll_unwindbound100.wat,True,False,935.62,875.447714,27,504307
_build/nla-digbench-scaling/lcm2_valuebound10.wat,True,True,12.22,11.958911,63,205328
_build/nla-digbench-scaling/lcm2_valuebound20.wat,True,True,233.99,232.582915,255,1202648
_build/nla-digbench-scaling/mannadiv_valuebound50.wat,True,False,895.37,0.044159,3,2994064224
_build/nla-digbench-scaling/mannadiv_valuebound2.wat,True,False,895.4,0.065411,3,2929700692
_build/nla-digbench-scaling/mannadiv_valuebound20.wat,True,False,895.4,0.060614,3,2983644454
_build/nla-digbench-scaling/mannadiv_valuebound1.wat,True,False,895.37,0.067253,3,2974375030
_build/nla-digbench-scaling/mannadiv_valuebound10.wat,True,False,895.41,0.040861,3,2970806677
_build/nla-digbench-scaling/mannadiv_valuebound100.wat,True,False,895.37,0.035419,3,3056761798
_build/nla-digbench-scaling/lcm1_valuebound5.wat,True,True,1.98,1.868913,19,73317
_build/nla-digbench-scaling/lcm2_valuebound50.wat,True,False,895.84,888.157436,337,2576132
_build/nla-digbench-scaling/lcm1_valuebound2.wat,True,True,0.27,0.224149,3,6223
_build/nla-digbench-scaling/lcm2_valuebound100.wat,True,False,895.05,890.062007,230,2511497
_build/nla-digbench-scaling/lcm1_valuebound1.wat,True,True,0.14,0.11595,1,905
_build/nla-digbench-scaling/lcm1_valuebound10.wat,True,True,19.36,18.999076,63,330694
_build/nla-digbench-scaling/lcm2_unwindbound50.wat,True,False,902.43,691.822157,32,828482
_build/nla-digbench-scaling/lcm1_unwindbound5.wat,False,False,0.03,0.0,1,4555
_build/nla-digbench-scaling/lcm1_unwindbound50.wat,False,False,0.3,0.220711,2,74180
_build/nla-digbench-scaling/lcm1_unwindbound2.wat,False,False,0.02,0.0,1,2140
_build/nla-digbench-scaling/lcm1_unwindbound20.wat,False,False,0.03,0.0,1,16630
_build/nla-digbench-scaling/lcm1_unwindbound1.wat,False,False,0.02,0.0,1,1621
_build/nla-digbench-scaling/lcm1_unwindbound10.wat,False,False,0.02,0.0,1,8580
_build/nla-digbench-scaling/lcm1_unwindbound100.wat,False,False,0.17,0.092247,2,92695
_build/nla-digbench-scaling/hard-u_valuebound5.wat,True,True,0.22,0.17348,6,25355
_build/nla-digbench-scaling/hard-u_valuebound50.wat,True,True,6.89,6.49893,51,423743
_build/nla-digbench-scaling/hard-u_valuebound2.wat,True,True,0.16,0.116117,3,9179
_build/nla-digbench-scaling/hard-u_valuebound20.wat,True,True,1.2,1.052186,21,138134
_build/nla-digbench-scaling/hard-u_valuebound1.wat,True,True,0.14,0.102157,2,4741
_build/nla-digbench-scaling/hard-u_valuebound10.wat,True,True,0.46,0.379338,11,58759
_build/nla-digbench-scaling/hard-u_valuebound100.wat,True,True,32.53,31.701702,101,976678
_build/nla-digbench-scaling/hard-u_unwindbound5.wat,False,False,0.11,0.060168,3,11301
_build/nla-digbench-scaling/hard-u_unwindbound50.wat,False,False,0.1,0.035224,3,52364
_build/nla-digbench-scaling/hard-u_unwindbound2.wat,False,False,0.03,0.0,1,2810
_build/nla-digbench-scaling/hard-u_unwindbound20.wat,False,False,0.07,0.034612,3,25176
_build/nla-digbench-scaling/hard-u_unwindbound1.wat,False,False,0.04,0.016903,2,3265
_build/nla-digbench-scaling/hard-u_unwindbound10.wat,False,False,0.11,0.060578,3,15926
_build/nla-digbench-scaling/hard-u_unwindbound100.wat,False,False,0.11,0.030046,2,102562
_build/nla-digbench-scaling/hard-ll_valuebound5.wat,True,True,0.31,0.260289,6,25852
_build/nla-digbench-scaling/hard-ll_valuebound50.wat,True,True,17.81,17.381373,51,431705
_build/nla-digbench-scaling/hard-ll_valuebound2.wat,True,True,0.18,0.134292,3,9365
_build/nla-digbench-scaling/hard-ll_valuebound20.wat,True,True,2.59,2.429,21,140761
_build/nla-digbench-scaling/hard-ll_valuebound1.wat,True,True,0.13,0.094488,2,4840
_build/nla-digbench-scaling/hard-ll_valuebound10.wat,True,True,0.77,0.690928,11,59891
_build/nla-digbench-scaling/lcm2_unwindbound20.wat,True,False,900.62,871.106615,86,1089974
_build/nla-digbench-scaling/hard-ll_unwindbound5.wat,False,False,0.07,0.033413,2,7639
_build/nla-digbench-scaling/hard-ll_unwindbound50.wat,False,False,0.1,0.032845,2,49256
_build/nla-digbench-scaling/hard-ll_unwindbound2.wat,False,False,0.03,0.0,1,2668
_build/nla-digbench-scaling/hard-ll_unwindbound20.wat,False,False,0.06,0.023238,2,21694
_build/nla-digbench-scaling/hard-ll_unwindbound1.wat,False,False,0.02,0.0,1,1909
_build/nla-digbench-scaling/hard-ll_unwindbound10.wat,False,False,0.06,0.024009,2,14190
_build/nla-digbench-scaling/lcm2_unwindbound10.wat,True,False,897.08,886.376274,209,1498930
_build/nla-digbench-scaling/hard2_valuebound5.wat,True,True,0.19,0.136798,6,24959
_build/nla-digbench-scaling/hard2_valuebound50.wat,True,True,2.85,2.526941,51,420377
_build/nla-digbench-scaling/hard2_valuebound2.wat,True,True,0.1,0.070232,3,8981
_build/nla-digbench-scaling/hard2_valuebound20.wat,True,True,0.76,0.623099,21,136748
_build/nla-digbench-scaling/hard2_valuebound1.wat,True,True,0.08,0.050865,2,4609
_build/nla-digbench-scaling/hard2_valuebound10.wat,True,True,0.32,0.25309,11,58033
_build/nla-digbench-scaling/hard-ll_valuebound100.wat,True,True,88.52,87.625409,101,994915
_build/nla-digbench-scaling/hard2_unwindbound5.wat,False,False,0.03,0.0,1,5561
_build/nla-digbench-scaling/hard2_unwindbound50.wat,False,False,0.13,0.071006,4,68625
_build/nla-digbench-scaling/hard2_unwindbound2.wat,False,False,0.02,0.0,1,2786
_build/nla-digbench-scaling/hard2_unwindbound20.wat,False,False,0.11,0.06516,3,35756
_build/nla-digbench-scaling/hard2_unwindbound1.wat,False,False,0.02,0.0,1,1861
_build/nla-digbench-scaling/hard2_unwindbound10.wat,False,False,0.03,0.0,1,9638
_build/nla-digbench-scaling/hard2_unwindbound100.wat,False,False,0.23,0.114724,4,164568
_build/nla-digbench-scaling/geo3-ll_valuebound5.wat,True,True,0.18,0.13371,5,8882
_build/nla-digbench-scaling/geo3-ll_valuebound50.wat,True,True,6.44,4.824406,50,634427
_build/nla-digbench-scaling/geo3-ll_valuebound2.wat,True,True,0.14,0.111168,2,2099
_build/nla-digbench-scaling/geo3-ll_valuebound20.wat,True,True,0.75,0.586251,20,108272
_build/nla-digbench-scaling/geo3-ll_valuebound1.wat,True,True,0.1,0.077133,1,808
_build/nla-digbench-scaling/geo3-ll_valuebound10.wat,True,True,0.34,0.263375,10,29887
_build/nla-digbench-scaling/hard2_valuebound100.wat,True,True,9.62,8.895773,101,970012
_build/nla-digbench-scaling/geo3-ll_unwindbound5.wat,True,True,0.17,0.11778,6,14440
_build/nla-digbench-scaling/geo3-ll_unwindbound50.wat,True,True,6.54,4.892605,51,878440
_build/nla-digbench-scaling/geo3-ll_unwindbound2.wat,True,True,0.08,0.04779,3,4072
_build/nla-digbench-scaling/geo3-ll_unwindbound20.wat,True,True,0.78,0.592798,21,154840
_build/nla-digbench-scaling/geo3-ll_unwindbound1.wat,True,True,0.07,0.040966,2,1928
_build/nla-digbench-scaling/geo3-ll_unwindbound10.wat,True,True,0.29,0.222415,11,44840
_build/nla-digbench-scaling/lcm1_valuebound20.wat,True,True,599.17,597.197966,255,1825106
_build/nla-digbench-scaling/geo2-ll_valuebound5.wat,True,True,0.18,0.137586,5,8197
_build/nla-digbench-scaling/geo2-ll_valuebound50.wat,True,True,5.85,4.695168,50,610702
_build/nla-digbench-scaling/geo2-ll_valuebound2.wat,True,True,0.09,0.073701,2,1870
_build/nla-digbench-scaling/geo2-ll_valuebound20.wat,True,True,0.72,0.577171,20,103282
_build/nla-digbench-scaling/geo2-ll_valuebound1.wat,True,True,0.08,0.055668,1,701
_build/nla-digbench-scaling/geo2-ll_valuebound10.wat,True,True,0.29,0.223057,10,28142
_build/nla-digbench-scaling/lcm2_unwindbound100.wat,True,False,895.33,655.509025,31,1226601
_build/nla-digbench-scaling/geo2-ll_unwindbound5.wat,True,True,0.15,0.110408,6,13780
_build/nla-digbench-scaling/geo2-ll_unwindbound50.wat,True,True,6.12,5.050142,51,852130
_build/nla-digbench-scaling/geo2-ll_unwindbound2.wat,True,True,0.08,0.053558,3,3826
_build/nla-digbench-scaling/geo2-ll_unwindbound20.wat,True,True,0.71,0.552606,21,149680
_build/nla-digbench-scaling/geo2-ll_unwindbound1.wat,True,True,0.05,0.033851,2,1784
_build/nla-digbench-scaling/geo2-ll_unwindbound10.wat,True,True,0.29,0.224238,11,43130
_build/nla-digbench-scaling/lcm1_valuebound50.wat,True,False,895.73,886.258771,262,2840625
_build/nla-digbench-scaling/geo1-u_valuebound5.wat,False,False,0.04,0.017732,1,1009
_build/nla-digbench-scaling/geo1-u_valuebound50.wat,False,False,0.05,0.034866,1,1009
_build/nla-digbench-scaling/geo1-u_valuebound2.wat,False,False,0.06,0.035767,1,1009
_build/nla-digbench-scaling/geo1-u_valuebound20.wat,False,False,0.06,0.037332,1,1009
_build/nla-digbench-scaling/geo1-u_valuebound1.wat,False,False,0.06,0.040402,1,1009
_build/nla-digbench-scaling/geo1-u_valuebound10.wat,False,False,0.08,0.054184,1,1009
_build/nla-digbench-scaling/geo1-u_valuebound100.wat,False,False,6.91,6.855863,4,14305
_build/nla-digbench-scaling/geo3-ll_valuebound100.wat,True,True,59.3,47.243633,100,2481352
_build/nla-digbench-scaling/geo3-ll_unwindbound100.wat,True,True,67.45,54.817009,101,3396440
_build/nla-digbench-scaling/geo1-u_unwindbound5.wat,False,False,23.31,23.270283,5,8600
_build/nla-digbench-scaling/geo2-ll_valuebound100.wat,True,True,55.28,46.099115,100,2396402
_build/nla-digbench-scaling/geo1-u_unwindbound50.wat,False,False,25.02,24.812955,5,67544
_build/nla-digbench-scaling/geo1-u_unwindbound20.wat,False,False,3.45,3.4019,3,14478
_build/nla-digbench-scaling/geo2-ll_unwindbound100.wat,True,True,63.98,54.165755,101,3298880
_build/nla-digbench-scaling/geo1-ll_valuebound5.wat,True,True,2.54,2.489073,5,8122
_build/nla-digbench-scaling/geo1-u_unwindbound1.wat,False,False,93.22,93.18389,3,3062
_build/nla-digbench-scaling/geo1-ll_valuebound2.wat,True,True,0.36,0.333818,2,1900
_build/nla-digbench-scaling/geo1-ll_valuebound20.wat,True,True,113.96,113.742384,20,99982
_build/nla-digbench-scaling/geo1-ll_valuebound1.wat,True,True,0.11,0.086123,1,726
_build/nla-digbench-scaling/geo1-ll_valuebound10.wat,True,True,15.41,15.309574,10,27492
_build/nla-digbench-scaling/lcm2_unwindbound5.wat,,False,1800.12,0.0,0,0
_build/nla-digbench-scaling/lcm1_valuebound100.wat,True,False,901.57,887.284921,201,3042458
_build/nla-digbench-scaling/lcm2_unwindbound2.wat,,False,1800.13,0.0,0,0
_build/nla-digbench-scaling/hard-ll_unwindbound100.wat,True,False,895.06,874.450869,106,5283534
_build/nla-digbench-scaling/lcm2_unwindbound1.wat,,False,1800.12,0.0,0,0
_build/nla-digbench-scaling/geo1-ll_valuebound50.wat,True,False,900.75,875.263758,45,525332
_build/nla-digbench-scaling/geo1-u_unwindbound10.wat,True,False,933.52,50.656737,11,41603
_build/nla-digbench-scaling/geo1-ll_valuebound100.wat,True,False,909.55,876.105413,48,946004
_build/nla-digbench-scaling/freire2_valuebound5.wat,False,False,7.56,7.521509,2,3404
_build/nla-digbench-scaling/freire2_valuebound50.wat,False,False,12.06,11.998114,3,8905
_build/nla-digbench-scaling/freire2_valuebound2.wat,False,False,2.36,2.316094,2,3404
_build/nla-digbench-scaling/freire2_valuebound20.wat,False,False,3.64,3.601033,2,3404
_build/nla-digbench-scaling/freire2_valuebound1.wat,False,False,3.86,3.816944,2,3404
_build/nla-digbench-scaling/freire2_valuebound10.wat,False,False,7.4,7.360624,3,6537
_build/nla-digbench-scaling/freire2_valuebound100.wat,False,False,73.42,73.312341,6,24224
_build/nla-digbench-scaling/freire2_unwindbound5.wat,False,False,0.03,0.0,1,7027
_build/nla-digbench-scaling/geo1-u_unwindbound2.wat,True,False,1332.51,0.920351,3,3715
_build/nla-digbench-scaling/freire2_unwindbound2.wat,False,False,7.04,6.988896,3,8299
_build/nla-digbench-scaling/freire2_unwindbound20.wat,False,False,0.03,0.0,1,5340
_build/nla-digbench-scaling/freire2_unwindbound1.wat,False,False,3.52,3.476906,2,4617
_build/nla-digbench-scaling/freire2_unwindbound10.wat,False,False,0.03,0.0,1,7027
_build/nla-digbench-scaling/freire2_unwindbound100.wat,False,False,0.03,0.0,1,7027
_build/nla-digbench-scaling/freire1_valuebound5.wat,True,True,21.51,21.465831,3,3971
_build/nla-digbench-scaling/geo1-ll_unwindbound50.wat,True,False,902.24,879.801399,39,626525
_build/nla-digbench-scaling/freire1_valuebound2.wat,True,True,7.56,7.524756,2,2149
_build/nla-digbench-scaling/freire1_valuebound20.wat,True,True,143.41,143.342112,5,9112
_build/nla-digbench-scaling/freire1_valuebound1.wat,True,True,5.67,5.641976,2,2149
_build/nla-digbench-scaling/freire1_valuebound10.wat,True,True,53.3,53.243182,4,6292
_build/nla-digbench-scaling/geo1-u_unwindbound100.wat,False,False,1800.23,10.24302,3,38788
_build/nla-digbench-scaling/freire1_unwindbound5.wat,False,False,2.29,2.253807,2,5164
_build/nla-digbench-scaling/freire1_unwindbound50.wat,False,False,15.29,15.224785,4,12076
_build/nla-digbench-scaling/freire1_unwindbound2.wat,False,False,11.42,11.371644,4,5722
_build/nla-digbench-scaling/geo1-ll_unwindbound100.wat,True,False,962.15,886.326721,35,1156329
_build/nla-digbench-scaling/freire1_unwindbound1.wat,False,False,1.03,0.998554,3,3265
_build/nla-digbench-scaling/freire1_unwindbound20.wat,False,False,69.3,69.167467,5,27055
_build/nla-digbench-scaling/freire1_unwindbound10.wat,False,False,22.35,22.279055,3,14881
_build/nla-digbench-scaling/fermat2-ll_valuebound5.wat,True,True,4.15,4.091741,8,18261
_build/nla-digbench-scaling/freire1_valuebound50.wat,True,True,746.69,746.561176,8,20566
_build/nla-digbench-scaling/fermat2-ll_valuebound2.wat,True,True,0.34,0.311177,1,889
_build/nla-digbench-scaling/fermat2-ll_valuebound20.wat,True,True,73.52,73.203848,39,225954
_build/nla-digbench-scaling/fermat2-ll_valuebound1.wat,True,True,0.28,0.264391,1,889
_build/nla-digbench-scaling/fermat2-ll_valuebound10.wat,True,True,8.33,8.248786,15,40054
_build/nla-digbench-scaling/geo1-ll_unwindbound5.wat,,False,1800.12,0.0,0,0
_build/nla-digbench-scaling/fermat2-ll_unwindbound5.wat,False,False,1.37,1.33625,1,4500
_build/nla-digbench-scaling/fermat2-ll_unwindbound50.wat,False,False,1.41,1.327789,1,37305
_build/nla-digbench-scaling/fermat2-ll_unwindbound2.wat,False,False,1.36,1.336503,1,2313
_build/nla-digbench-scaling/fermat2-ll_unwindbound20.wat,False,False,1.37,1.335493,1,15435
_build/nla-digbench-scaling/fermat2-ll_unwindbound1.wat,False,False,1.34,1.315942,1,1584
_build/nla-digbench-scaling/fermat2-ll_unwindbound10.wat,False,False,1.38,1.345112,1,8145
_build/nla-digbench-scaling/fermat2-ll_unwindbound100.wat,False,False,1.65,1.301425,1,73755
_build/nla-digbench-scaling/fermat1-ll_valuebound5.wat,True,True,3.93,3.856221,8,36702
_build/nla-digbench-scaling/geo1-ll_unwindbound20.wat,True,False,1602.06,186.410911,16,112926
_build/nla-digbench-scaling/fermat1-ll_valuebound2.wat,True,True,0.37,0.344184,1,889
_build/nla-digbench-scaling/fermat1-ll_valuebound20.wat,True,True,73.2,72.638493,39,460398
_build/nla-digbench-scaling/fermat1-ll_valuebound1.wat,True,True,0.26,0.237658,1,889
_build/nla-digbench-scaling/fermat1-ll_valuebound10.wat,True,True,8.64,8.508893,15,80319
_build/nla-digbench-scaling/geo1-ll_unwindbound2.wat,,False,1800.04,0.0,0,0
_build/nla-digbench-scaling/fermat1-ll_unwindbound5.wat,False,False,1.38,1.350303,1,5084
_build/nla-digbench-scaling/fermat1-ll_unwindbound50.wat,False,False,1.38,1.301899,1,45719
_build/nla-digbench-scaling/fermat1-ll_unwindbound2.wat,False,False,1.36,1.338739,1,2375
_build/nla-digbench-scaling/fermat1-ll_unwindbound20.wat,False,False,1.36,1.321784,1,18629
_build/nla-digbench-scaling/fermat1-ll_unwindbound1.wat,False,False,1.42,1.392055,1,1749
_build/nla-digbench-scaling/fermat1-ll_unwindbound10.wat,False,False,1.38,1.346665,1,9599
_build/nla-digbench-scaling/fermat1-ll_unwindbound100.wat,False,False,1.56,1.281957,1,90869
_build/nla-digbench-scaling/egcd-ll_valuebound5.wat,True,True,2.01,1.884038,19,83839
_build/nla-digbench-scaling/geo1-ll_unwindbound1.wat,,False,1800.11,0.0,0,0
_build/nla-digbench-scaling/egcd-ll_valuebound2.wat,True,True,0.21,0.163486,3,7159
_build/nla-digbench-scaling/fermat2-ll_valuebound50.wat,True,True,787.92,785.0873,123,1400346
_build/nla-digbench-scaling/egcd-ll_valuebound1.wat,True,True,0.11,0.08605,1,1700
_build/nla-digbench-scaling/geo1-ll_unwindbound10.wat,,False,1800.16,0.0,0,0
_build/nla-digbench-scaling/egcd-ll_valuebound10.wat,True,True,30.49,30.030808,63,414363
_build/nla-digbench-scaling/egcd-ll_unwindbound5.wat,False,False,0.03,0.0,1,7201
_build/nla-digbench-scaling/egcd-ll_unwindbound50.wat,False,False,7.92,0.541572,2,82057
_build/nla-digbench-scaling/egcd-ll_unwindbound2.wat,False,False,0.03,0.0,1,3316
_build/nla-digbench-scaling/egcd-ll_unwindbound20.wat,False,False,0.15,0.100346,2,33603
_build/nla-digbench-scaling/egcd-ll_unwindbound1.wat,False,False,0.03,0.0,1,2021
_build/nla-digbench-scaling/egcd-ll_unwindbound10.wat,False,False,0.13,0.087689,2,21864
_build/nla-digbench-scaling/egcd-ll_unwindbound100.wat,False,False,0.91,0.113499,2,135187
_build/nla-digbench-scaling/egcd3-ll_valuebound5.wat,True,True,3.82,3.6486,19,145608
_build/nla-digbench-scaling/freire2_unwindbound50.wat,False,False,1800.19,0.0,1,3653
_build/nla-digbench-scaling/egcd3-ll_valuebound2.wat,True,True,0.19,0.152755,3,12718
_build/nla-digbench-scaling/fermat2-ll_valuebound100.wat,True,False,910.34,885.079729,61,918816
_build/nla-digbench-scaling/egcd3-ll_valuebound1.wat,True,True,0.12,0.096633,1,2904
_build/nla-digbench-scaling/egcd3-ll_valuebound10.wat,True,True,61.56,60.950171,63,660356
_build/nla-digbench-scaling/fermat1-ll_valuebound50.wat,True,True,855.41,849.8394,123,2912822
_build/nla-digbench-scaling/egcd3-ll_unwindbound5.wat,False,False,0.03,0.0,1,5040
_build/nla-digbench-scaling/egcd3-ll_unwindbound50.wat,False,False,0.32,0.21284,4,131913
_build/nla-digbench-scaling/egcd3-ll_unwindbound2.wat,False,False,0.02,0.0,1,1566
_build/nla-digbench-scaling/egcd3-ll_unwindbound20.wat,False,False,0.26,0.185284,2,61288
_build/nla-digbench-scaling/egcd3-ll_unwindbound1.wat,False,False,0.02,0.0,1,1467
_build/nla-digbench-scaling/egcd3-ll_unwindbound10.wat,False,False,0.03,0.0,1,15342
_build/nla-digbench-scaling/egcd3-ll_unwindbound100.wat,False,False,1.27,0.325711,3,151315
_build/nla-digbench-scaling/egcd2-ll_valuebound5.wat,True,True,5.59,5.362474,19,201301
_build/nla-digbench-scaling/egcd-ll_valuebound20.wat,True,True,728.48,725.804196,255,2411409
_build/nla-digbench-scaling/egcd2-ll_valuebound2.wat,True,True,0.53,0.474732,3,17901
_build/nla-digbench-scaling/fermat1-ll_valuebound100.wat,True,False,906.86,871.712984,64,2383261
_build/nla-digbench-scaling/egcd2-ll_valuebound1.wat,True,True,0.19,0.155938,1,4265
_build/nla-digbench-scaling/egcd2-ll_valuebound10.wat,True,True,48.51,47.63158,63,925689
_build/nla-digbench-scaling/egcd-ll_valuebound50.wat,True,False,902.72,889.667384,174,2744039
_build/nla-digbench-scaling/egcd2-ll_unwindbound5.wat,False,False,0.03,0.0,1,8402
_build/nla-digbench-scaling/egcd2-ll_unwindbound50.wat,False,False,5.52,5.3738,2,148443
_build/nla-digbench-scaling/egcd2-ll_unwindbound2.wat,False,False,0.03,0.0,1,3700
_build/nla-digbench-scaling/egcd2-ll_unwindbound20.wat,False,False,0.04,0.0,1,37282
_build/nla-digbench-scaling/egcd2-ll_unwindbound1.wat,False,False,0.02,0.0,1,1536
_build/nla-digbench-scaling/egcd2-ll_unwindbound10.wat,False,False,0.03,0.0,1,17432
_build/nla-digbench-scaling/egcd2-ll_unwindbound100.wat,False,False,6.42,6.196937,2,255975
_build/nla-digbench-scaling/divbin_valuebound5.wat,True,True,0.18,0.138573,6,10884
_build/nla-digbench-scaling/freire1_valuebound100.wat,True,False,1800.14,146.274134,12,36589
_build/nla-digbench-scaling/divbin_valuebound2.wat,True,True,0.15,0.113207,3,3995
_build/nla-digbench-scaling/divbin_valuebound20.wat,True,True,1.06,0.964309,21,58377
_build/nla-digbench-scaling/divbin_valuebound1.wat,True,True,0.09,0.073888,2,2104
_build/nla-digbench-scaling/divbin_valuebound10.wat,True,True,0.38,0.320216,11,24987
_build/nla-digbench-scaling/divbin_valuebound50.wat,True,True,5.52,5.289778,51,178139
_build/nla-digbench-scaling/divbin_unwindbound5.wat,True,True,0.21,0.160505,7,12190
_build/nla-digbench-scaling/divbin_unwindbound50.wat,False,False,8.01,7.629102,21,160304
_build/nla-digbench-scaling/divbin_unwindbound2.wat,True,True,0.12,0.092707,3,2639
_build/nla-digbench-scaling/divbin_unwindbound20.wat,False,False,3.29,3.155315,24,107327
_build/nla-digbench-scaling/divbin_unwindbound1.wat,True,True,0.05,0.035426,2,1308
_build/nla-digbench-scaling/divbin_unwindbound10.wat,False,False,1.14,1.044856,22,75719
_build/nla-digbench-scaling/divbin_unwindbound100.wat,False,False,0.37,0.258521,5,56496
_build/nla-digbench-scaling/divbin2_valuebound5.wat,True,True,0.16,0.12032,6,10362
_build/nla-digbench-scaling/divbin2_valuebound50.wat,True,True,2.46,2.269108,51,173702
_build/nla-digbench-scaling/divbin2_valuebound2.wat,True,True,0.08,0.06482,3,3734
_build/nla-digbench-scaling/divbin2_valuebound20.wat,True,True,0.62,0.53163,21,56550
_build/nla-digbench-scaling/divbin2_valuebound1.wat,True,True,0.07,0.049509,2,1930
_build/nla-digbench-scaling/divbin2_valuebound10.wat,True,True,0.31,0.252198,11,24030
_build/nla-digbench-scaling/divbin_valuebound100.wat,True,True,25.44,24.937189,101,409297
_build/nla-digbench-scaling/divbin2_unwindbound5.wat,True,True,0.18,0.13371,7,11875
_build/nla-digbench-scaling/divbin2_valuebound100.wat,True,True,8.15,7.766997,101,400510
_build/nla-digbench-scaling/divbin2_unwindbound2.wat,True,True,0.06,0.044777,3,2504
_build/nla-digbench-scaling/egcd-ll_valuebound100.wat,True,False,906.5,891.376897,109,2240262
_build/nla-digbench-scaling/divbin2_unwindbound1.wat,True,True,0.06,0.036374,2,1218
_build/nla-digbench-scaling/divbin2_unwindbound10.wat,True,True,1.53,1.378581,33,118282
_build/nla-digbench-scaling/egcd3-ll_valuebound50.wat,True,False,901.44,886.992205,155,2354305
_build/nla-digbench-scaling/dijkstra-u_valuebound5.wat,True,True,0.31,0.260593,3,18383
_build/nla-digbench-scaling/dijkstra-u_valuebound50.wat,True,True,2.32,2.204644,8,74018
_build/nla-digbench-scaling/dijkstra-u_valuebound2.wat,True,True,0.17,0.125764,2,9510
_build/nla-digbench-scaling/dijkstra-u_valuebound20.wat,True,True,0.83,0.744674,5,38927
_build/nla-digbench-scaling/dijkstra-u_valuebound1.wat,True,True,0.13,0.096376,2,9510
_build/nla-digbench-scaling/dijkstra-u_valuebound10.wat,True,True,0.48,0.410961,4,27334
_build/nla-digbench-scaling/dijkstra-u_valuebound100.wat,True,True,4.46,4.288149,11,117113
_build/nla-digbench-scaling/dijkstra-u_unwindbound5.wat,False,False,0.28,0.230049,4,12835
_build/nla-digbench-scaling/freire1_unwindbound100.wat,,False,1800.24,0.0,0,0
_build/nla-digbench-scaling/dijkstra-u_unwindbound2.wat,True,True,0.16,0.124934,3,6679
_build/nla-digbench-scaling/dijkstra-u_unwindbound20.wat,False,False,0.66,0.587789,2,31455
_build/nla-digbench-scaling/dijkstra-u_unwindbound1.wat,True,True,0.06,0.032167,2,2310
_build/nla-digbench-scaling/dijkstra-u_unwindbound10.wat,False,False,0.54,0.476012,4,29268
_build/nla-digbench-scaling/egcd3-ll_valuebound20.wat,True,False,895.49,878.148476,182,2407968
_build/nla-digbench-scaling/cohendiv-ll_valuebound5.wat,True,True,0.36,0.297894,6,24498
_build/nla-digbench-scaling/cohendiv-ll_valuebound50.wat,True,True,35.36,34.838332,51,683139
_build/nla-digbench-scaling/cohendiv-ll_valuebound2.wat,True,True,0.16,0.122208,3,7195
_build/nla-digbench-scaling/cohendiv-ll_valuebound20.wat,True,True,3.57,3.396304,21,181565
_build/nla-digbench-scaling/cohendiv-ll_valuebound1.wat,True,True,0.11,0.082711,2,3378
_build/nla-digbench-scaling/cohendiv-ll_valuebound10.wat,True,True,0.91,0.827052,11,66205
_build/nla-digbench-scaling/egcd3-ll_valuebound100.wat,True,False,903.51,887.142191,137,2285589
_build/nla-digbench-scaling/cohendiv-ll_unwindbound5.wat,True,True,0.56,0.491829,8,45899
_build/nla-digbench-scaling/egcd2-ll_valuebound50.wat,True,False,901.94,886.005236,159,4579283
_build/nla-digbench-scaling/cohendiv-ll_unwindbound2.wat,True,True,0.08,0.053991,3,6729
_build/nla-digbench-scaling/egcd2-ll_valuebound20.wat,True,False,902.09,886.979572,227,4520931
_build/nla-digbench-scaling/cohendiv-ll_unwindbound1.wat,True,True,0.06,0.036691,2,2387
_build/nla-digbench-scaling/cohendiv-ll_valuebound100.wat,True,True,259.33,258.06046,101,1785291
_build/nla-digbench-scaling/cohendiv-ll_unwindbound10.wat,True,True,16.66,16.359314,31,382369
_build/nla-digbench-scaling/cohencu-ll_valuebound5.wat,True,True,0.46,0.382762,6,46694
_build/nla-digbench-scaling/cohencu-ll_valuebound50.wat,True,True,45.17,43.546874,51,2086004
_build/nla-digbench-scaling/cohencu-ll_valuebound2.wat,True,True,0.15,0.111799,3,16724
_build/nla-digbench-scaling/cohencu-ll_valuebound20.wat,True,True,4.66,4.302123,21,395264
_build/nla-digbench-scaling/cohencu-ll_valuebound1.wat,True,True,0.1,0.065356,2,9678
_build/nla-digbench-scaling/cohencu-ll_valuebound10.wat,True,True,1.3,1.150964,11,126084
_build/nla-digbench-scaling/egcd2-ll_valuebound100.wat,True,False,904.8,885.95452,113,4542295
_build/nla-digbench-scaling/cohencu-ll_unwindbound5.wat,False,False,0.03,0.0,1,9891
_build/nla-digbench-scaling/cohencu-ll_unwindbound50.wat,False,False,0.06,0.0,1,91161
_build/nla-digbench-scaling/cohencu-ll_unwindbound2.wat,False,False,0.02,0.0,1,4473
_build/nla-digbench-scaling/cohencu-ll_unwindbound20.wat,False,False,0.04,0.0,1,36981
_build/nla-digbench-scaling/cohencu-ll_unwindbound1.wat,False,False,0.02,0.0,1,2667
_build/nla-digbench-scaling/cohencu-ll_unwindbound10.wat,False,False,0.03,0.0,1,18921
_build/nla-digbench-scaling/cohencu-ll_unwindbound100.wat,False,False,0.23,0.04539,2,193370
_build/nla-digbench-scaling/bresenham-ll_valuebound5.wat,True,True,3.1,2.971796,21,78932
_build/nla-digbench-scaling/divbin2_unwindbound50.wat,True,False,897.15,888.015267,555,10386168
_build/nla-digbench-scaling/bresenham-ll_valuebound2.wat,True,True,0.33,0.280046,6,14662
_build/nla-digbench-scaling/divbin2_unwindbound20.wat,True,False,898.5,889.16854,595,4411028
_build/nla-digbench-scaling/bresenham-ll_valuebound1.wat,True,True,0.15,0.118574,3,6012
_build/nla-digbench-scaling/bresenham-ll_valuebound10.wat,True,True,29.52,29.078267,66,393182
_build/nla-digbench-scaling/divbin2_unwindbound100.wat,True,False,895.04,888.104785,509,12946284
_build/nla-digbench-scaling/bresenham-ll_unwindbound5.wat,False,False,0.02,0.0,1,5241
_build/nla-digbench-scaling/bresenham-ll_unwindbound50.wat,False,False,0.05,0.0,1,43701
_build/nla-digbench-scaling/bresenham-ll_unwindbound2.wat,False,False,0.02,0.0,1,2577
_build/nla-digbench-scaling/bresenham-ll_unwindbound20.wat,False,False,0.03,0.0,1,17781
_build/nla-digbench-scaling/bresenham-ll_unwindbound1.wat,False,False,0.07,0.040927,3,4353
_build/nla-digbench-scaling/bresenham-ll_unwindbound10.wat,False,False,0.02,0.0,1,9681
_build/nla-digbench-scaling/bresenham-ll_unwindbound100.wat,False,False,0.99,0.849813,3,132941
_build/nla-digbench-scaling/dijkstra-u_unwindbound50.wat,True,False,912.9,879.96777,73,3810922
_build/nla-digbench-scaling/dijkstra-u_unwindbound100.wat,True,False,908.39,876.624895,84,4403597
_build/nla-digbench-scaling/cohencu-ll_valuebound100.wat,True,True,325.62,319.75297,101,7847904
_build/nla-digbench-scaling/cohendiv-ll_unwindbound50.wat,True,False,898.4,879.559931,171,11686616
_build/nla-digbench-scaling/cohendiv-ll_unwindbound20.wat,True,False,908.06,890.627153,175,4496429
_build/nla-digbench-scaling/cohendiv-ll_unwindbound100.wat,True,False,905.62,873.925728,102,13222145
_build/nla-digbench-scaling/bresenham-ll_valuebound50.wat,True,False,902.2,879.245553,123,2257532
_build/nla-digbench-scaling/bresenham-ll_valuebound20.wat,True,False,897.81,886.696127,219,2250852
_build/nla-digbench-scaling/bresenham-ll_valuebound100.wat,True,False,900.2,879.598451,98,1843157
_build/xcsp/Haystacks-19.wat,True,False,908.52,837.425041,1,36140
_build/xcsp/Haystacks-18.wat,True,False,923.04,870.189158,1,67142
_build/xcsp/Haystacks-17.wat,True,False,899.81,863.723652,1,35612
_build/xcsp/Haystacks-16.wat,True,False,898.27,869.899571,1,32342
_build/xcsp/Haystacks-07.wat,True,True,24.36,24.067338,1,8735
_build/xcsp/Haystacks-06.wat,True,True,11.87,11.674591,1,5855
_build/xcsp/Dubois-100.wat,True,True,20.75,15.5765,1,66641
_build/xcsp/Dubois-095.wat,True,True,20.99,16.677424,1,63311
_build/xcsp/Haystacks-08.wat,True,True,63.48,63.069904,1,12575
_build/xcsp/Dubois-090.wat,True,True,18.0,13.754021,1,59981
_build/xcsp/Dubois-085.wat,True,True,18.4,14.606126,1,56651
_build/xcsp/Dubois-080.wat,True,True,15.82,12.514825,1,53321
_build/xcsp/Dubois-075.wat,True,True,13.65,10.643212,1,49991
_build/xcsp/Dubois-070.wat,True,True,10.09,7.512978,1,46661
_build/xcsp/Dubois-065.wat,True,True,8.95,6.684019,1,43331
_build/xcsp/Dubois-060.wat,True,True,8.98,7.065106,1,40001
_build/xcsp/Dubois-055.wat,True,True,7.54,5.763405,1,36671
_build/xcsp/Dubois-050.wat,True,True,8.37,6.799631,1,33341
_build/xcsp/Dubois-045.wat,True,True,6.94,5.593869,1,30011
_build/xcsp/Dubois-035.wat,True,True,3.91,3.060414,1,23351
_build/xcsp/Dubois-040.wat,True,True,5.04,4.014314,1,26681
_build/xcsp/Dubois-028.wat,True,True,2.62,2.116829,1,18689
_build/xcsp/Dubois-030.wat,True,True,3.24,2.621944,1,20021
_build/xcsp/Dubois-029.wat,True,True,3.18,2.526522,1,19355
_build/xcsp/Dubois-026.wat,True,True,2.63,2.113048,1,17357
_build/xcsp/Dubois-025.wat,True,True,2.61,2.126214,1,16691
_build/xcsp/Dubois-027.wat,True,True,3.29,2.718347,1,18023
_build/xcsp/Dubois-024.wat,True,True,2.34,1.881892,1,16025
_build/xcsp/Dubois-023.wat,True,True,2.55,2.120574,1,15359
_build/xcsp/Dubois-022.wat,True,True,2.52,2.148141,1,14693
_build/xcsp/Dubois-021.wat,True,True,2.19,1.805016,1,14027
_build/xcsp/Dubois-019.wat,True,True,1.67,1.406292,1,12695
_build/xcsp/Dubois-020.wat,True,True,2.4,2.113083,1,13361
_build/xcsp/Dubois-017.wat,True,True,1.71,1.424485,1,11363
_build/xcsp/Dubois-018.wat,True,True,1.84,1.599122,1,12029
_build/xcsp/Dubois-016.wat,True,True,1.67,1.410367,1,10697
_build/xcsp/Dubois-015.wat,True,True,1.3,1.071527,1,10031
_build/xcsp/Haystacks-09.wat,True,True,322.8,322.073149,1,17567
_build/xcsp/Haystacks-15.wat,True,False,905.19,879.690712,1,31868
_build/xcsp/CostasArray-14.wat,False,False,132.48,131.64275,1,21485
_build/xcsp/CostasArray-13.wat,False,False,33.53,32.760426,1,17843
_build/xcsp/Haystacks-14.wat,True,False,903.92,874.915862,1,46262
_build/xcsp/CostasArray-12.wat,False,False,14.41,13.958149,1,14621
_build/xcsp/CostasArray-11.wat,False,False,10.36,9.893158,1,11795
_build/xcsp/CostasArray-10.wat,False,False,7.22,6.863019,1,9341
_build/xcsp/Haystacks-13.wat,True,False,915.16,887.937947,1,31700
_build/xcsp/Haystacks-12.wat,True,False,903.95,815.37253,1,34856
_build/xcsp/AllInterval-019.wat,False,False,37.63,37.338139,1,11681
_build/xcsp/Haystacks-11.wat,True,False,903.27,889.659875,1,28634
_build/xcsp/AllInterval-017.wat,False,False,70.72,70.511419,1,9653
_build/xcsp/Haystacks-10.wat,True,False,971.51,865.753064,1,23558
_build/xcsp/CostasArray-15.wat,False,False,658.25,656.701075,1,25571
_build/xcsp/AllInterval-014.wat,False,False,7.78,7.64992,1,6971
_build/xcsp/AllInterval-013.wat,False,False,4.74,4.616694,1,6173
_build/xcsp/AllInterval-012.wat,False,False,3.26,3.121106,1,5423
_build/xcsp/AllInterval-011.wat,False,False,1.5,1.3999,1,4721
_build/xcsp/AllInterval-010.wat,False,False,1.17,1.020866,1,4067
_build/xcsp/AllInterval-009.wat,False,False,1.11,0.958566,1,3461
_build/xcsp/AllInterval-008.wat,False,False,0.68,0.583382,1,2903
_build/xcsp/AllInterval-007.wat,False,False,0.55,0.510197,1,2393
_build/xcsp/AllInterval-006.wat,False,False,0.5,0.464043,1,1931
_build/xcsp/AllInterval-005.wat,False,False,0.43,0.357077,1,1517
_build/xcsp/AllInterval-016.wat,False,False,81.96,81.787379,1,8711
_build/xcsp/aim-200-6-0-sat-4.wat,False,False,17.18,10.372093,1,106214
_build/xcsp/aim-200-6-0-sat-3.wat,False,False,21.5,14.475567,1,106247
_build/xcsp/aim-200-6-0-sat-2.wat,False,False,20.8,13.235037,1,106889
_build/xcsp/aim-200-3-4-sat-4.wat,False,False,13.01,9.43729,1,65270
_build/xcsp/aim-200-6-0-sat-1.wat,False,False,15.77,9.149822,1,105680
_build/xcsp/aim-200-3-4-sat-3.wat,False,False,15.25,11.77451,1,65360
_build/xcsp/aim-200-3-4-sat-2.wat,False,False,13.38,9.95044,1,65312
_build/xcsp/aim-200-2-0-unsat-4.wat,True,True,9.01,6.746972,1,42890
_build/xcsp/aim-200-3-4-sat-1.wat,False,False,12.23,8.765753,1,65450
_build/xcsp/aim-200-2-0-unsat-3.wat,True,True,10.1,7.787658,1,42776
_build/xcsp/aim-200-2-0-unsat-2.wat,True,True,9.39,7.076416,1,42851
_build/xcsp/aim-200-2-0-unsat-1.wat,True,True,10.69,8.445066,1,42959
_build/xcsp/aim-200-2-0-sat-4.wat,False,False,10.49,8.28769,1,43184
_build/xcsp/aim-200-2-0-sat-2.wat,False,False,8.73,6.604685,1,43079
_build/xcsp/aim-200-2-0-sat-3.wat,False,False,10.75,8.566513,1,43169
_build/xcsp/aim-200-1-6-unsat-4.wat,True,True,8.31,6.507612,1,36689
_build/xcsp/aim-200-2-0-sat-1.wat,False,False,9.03,6.826809,1,43025
_build/xcsp/aim-200-1-6-unsat-2.wat,True,True,7.99,6.250016,1,33635
_build/xcsp/aim-200-1-6-unsat-3.wat,True,True,9.16,7.268849,1,36521
_build/xcsp/aim-200-1-6-unsat-1.wat,True,True,8.41,6.536511,1,36380
_build/xcsp/aim-200-1-6-sat-4.wat,False,False,11.19,9.284734,1,36887
_build/xcsp/aim-200-1-6-sat-3.wat,False,False,9.78,7.918618,1,36761
_build/xcsp/aim-200-1-6-sat-2.wat,False,False,8.37,6.697511,1,36914
_build/xcsp/aim-100-6-0-sat-4.wat,False,False,5.82,2.937969,1,53537
_build/xcsp/aim-200-1-6-sat-1.wat,False,False,8.93,7.08824,1,36896
_build/xcsp/aim-100-6-0-sat-3.wat,False,False,6.28,3.985022,1,53543
_build/xcsp/aim-100-6-0-sat-2.wat,False,False,5.58,3.092181,1,53528
_build/xcsp/aim-100-3-4-sat-4.wat,False,False,4.49,3.019769,1,32729
_build/xcsp/aim-100-6-0-sat-1.wat,False,False,6.27,3.604146,1,53423
_build/xcsp/aim-100-3-4-sat-3.wat,False,False,4.83,3.491048,1,32660
_build/xcsp/aim-100-3-4-sat-2.wat,False,False,5.49,4.423718,1,32732
_build/xcsp/aim-100-3-4-sat-1.wat,False,False,4.54,3.519026,1,32846
_build/xcsp/aim-100-2-0-unsat-4.wat,True,True,3.71,3.123083,1,21047
_build/xcsp/aim-100-2-0-unsat-3.wat,True,True,3.56,2.971269,1,19565
_build/xcsp/aim-100-2-0-unsat-2.wat,True,True,3.54,2.835903,1,21290
_build/xcsp/aim-100-2-0-unsat-1.wat,True,True,3.24,2.558385,1,21569
_build/xcsp/aim-100-2-0-sat-4.wat,False,False,3.74,3.073556,1,21734
_build/xcsp/aim-100-2-0-sat-3.wat,False,False,3.59,2.965983,1,21704
_build/xcsp/aim-100-2-0-sat-2.wat,False,False,3.2,2.553433,1,21791
_build/xcsp/aim-100-2-0-sat-1.wat,False,False,3.92,3.26875,1,21632
_build/xcsp/aim-100-1-6-unsat-4.wat,True,True,3.1,2.532063,1,18305
_build/xcsp/aim-100-1-6-unsat-3.wat,True,True,3.26,2.701519,1,18047
_build/xcsp/aim-100-1-6-unsat-2.wat,True,True,3.41,2.883339,1,18035
_build/xcsp/aim-100-1-6-unsat-1.wat,True,True,3.1,2.588368,1,18347
_build/xcsp/aim-100-1-6-sat-4.wat,False,False,3.5,2.903279,1,18593
_build/xcsp/aim-100-1-6-sat-3.wat,False,False,3.32,2.840885,1,18575
_build/xcsp/aim-100-1-6-sat-2.wat,False,False,3.38,2.852558,1,18554
_build/xcsp/aim-100-1-6-sat-1.wat,False,False,3.4,2.858428,1,18518
_build/xcsp/CostasArray-16.wat,True,False,936.59,700.856714,1,28745
_build/xcsp/AllInterval-015.wat,False,False,305.82,305.59183,1,7817
_build/xcsp/AllInterval-018.wat,False,False,412.71,412.409461,1,10643
_build/xcsp/CostasArray-17.wat,True,False,1031.3,775.612484,1,33131
_build/xcsp/AllInterval-020.wat,False,False,764.62,764.26138,1,12767
_build/xcsp/AllInterval-035.wat,True,False,1800.12,722.930455,903,10176002
_build/xcsp/AllInterval-030.wat,True,False,1800.12,686.59237,965,11545496
_build/xcsp/AllInterval-025.wat,,False,1800.11,0.0,0,0
