test,answer,is_complete,t_wasp,t_solver,n_solver,n_paths,instructions
_build/termination-recursive-malloc/rec_malloc_ex7B.wat,True,False,904.89,0.0,0,1,234588
_build/termination-recursive-malloc/rec_malloc_ex8.wat,True,False,906.87,0.0,0,1,133284
_build/termination-recursive-malloc/rec_malloc_ex5.wat,True,False,907.95,0.0,0,1,1175371
_build/termination-recursive-malloc/rec_malloc_ex6.wat,True,False,916.63,0.0,0,1,154057
_build/termination-recursive-malloc/rec_malloc_ex9.wat,True,False,925.65,0.070682,2,3,178366
_build/termination-recursive-malloc/rec_malloc_ex7.wat,True,False,939.39,0.0,0,1,234588
_build/termination-recursive-malloc/rec_strlen_malloc.wat,True,False,1143.28,0.0,0,1,9104
_build/termination-recursive-malloc/rec_strcopy_malloc.wat,True,False,1146.89,0.0,0,1,9113
_build/termination-recursive-malloc/rec_strcopy_malloc2.wat,True,False,1153.79,0.220657,4,5,31096
_build/termination-recursive-malloc/selectionSort_recursive.wat,True,False,1159.96,0.0,0,1,8057
_build/termination-recursive-malloc/rec_malloc_ex5B.wat,True,False,906.34,0.0,0,1,391798
_build/termination-recursive-malloc/rec_malloc_ex4.wat,True,False,916.52,0.0,0,1,287935
_build/termination-recursive-malloc/rec_malloc_ex3.wat,True,False,918.81,0.0,0,1,7258345
_build/termination-recursive-malloc/rec_malloc_ex1.wat,True,False,914.4,0.0,0,1,162633
_build/termination-recursive-malloc/rec_malloc_ex2.wat,True,False,923.64,0.0,0,1,163675
_build/termination-recursive-malloc/rec_malloc_ex11.wat,True,False,911.41,0.0,0,1,168314
_build/termination-recursive-malloc/mutual_simple.wat,Crash,False,246.38,0.0,0,0,0
_build/termination-recursive-malloc/rec_malloc_ex11D.wat,True,False,921.79,0.0,0,1,167117
_build/termination-recursive-malloc/rec_malloc_ex11C.wat,True,False,920.62,0.0,0,1,167117
_build/termination-recursive-malloc/rec_malloc_ex11B.wat,True,False,914.17,0.0,0,1,162795
_build/termination-recursive-malloc/rec_malloc_ex10.wat,True,False,926.26,0.0,0,1,282559
_build/termination-recursive-malloc/chunk3.wat,Crash,False,289.38,0.0,0,0,0
_build/termination-recursive-malloc/chunk1.wat,Crash,False,271.29,0.0,0,0,0
_build/termination-recursive-malloc/mutual_simple2.wat,True,False,922.55,0.0,0,1,151996
_build/termination-recursive-malloc/chunk2.wat,True,False,984.98,0.0,0,1,126001
_build/termination-recursive-malloc/mergeSort.wat,True,False,1138.28,0.0,0,1,8057
_build/termination-recursive-malloc/insertionSort_recursive.wat,True,False,1138.38,0.0,0,1,8057
_build/forester-heap/sll-token-1.wat,True,False,941.99,0.0,0,1,74751
_build/forester-heap/sll-sorted-2.wat,True,False,947.45,0.0,0,1,76541
_build/forester-heap/sll-token-2.wat,True,False,968.7,0.0,0,1,74751
_build/forester-heap/sll-sorted-1.wat,True,False,948.82,0.0,0,1,76541
_build/forester-heap/sll-simple-white-blue-2.wat,True,False,947.4,0.0,0,1,74219
_build/forester-heap/sll-simple-white-blue-1.wat,True,False,946.0,0.0,0,1,74219
_build/forester-heap/sll-circular-2.wat,False,False,0.04,0.0,0,1,20913
_build/forester-heap/sll-reverse_simple.wat,True,False,958.11,0.0,0,1,74219
_build/forester-heap/sll-rb-sentinel-2.wat,True,False,953.21,0.0,0,1,73965
_build/forester-heap/sll-rb-sentinel-1.wat,True,False,958.08,0.0,0,1,73965
_build/forester-heap/sll-rb-cnstr_1-2.wat,True,False,944.82,0.0,0,1,75129
_build/forester-heap/sll-optional-2.wat,True,False,895.99,0.0,0,1,112101
_build/forester-heap/sll-queue-2.wat,True,False,943.39,0.0,0,1,79259
_build/forester-heap/sll-queue-1.wat,True,False,938.83,0.0,0,1,79259
_build/forester-heap/sll-rb-cnstr_1-1.wat,True,False,971.05,3.832685,2,3,99357
_build/forester-heap/sll-optional-1.wat,True,False,992.44,0.0,0,1,112704
_build/forester-heap/sll-circular-1.wat,True,False,895.44,132.436654,10,11,1825551644
_build/forester-heap/dll-simple-white-blue-2.wat,Crash,False,215.82,0.0,0,0,0
_build/forester-heap/sll-buckets-2.wat,True,False,959.39,0.0,0,1,90787
_build/forester-heap/sll-buckets-1.wat,True,False,951.33,0.0,0,1,90787
_build/forester-heap/sll-01-2.wat,True,False,947.22,0.0,0,1,78480
_build/forester-heap/sll-01-1.wat,True,False,952.9,0.0,0,1,78663
_build/forester-heap/dll-token-2.wat,True,False,995.39,0.0,0,1,103830
_build/forester-heap/dll-queue-2.wat,False,False,1.2,0.0,0,1,26970
_build/forester-heap/dll-token-1.wat,True,False,987.84,0.0,0,1,103830
_build/forester-heap/dll-sorted-2.wat,True,False,974.96,0.0,0,1,105620
_build/forester-heap/dll-sorted-1.wat,True,False,986.48,0.0,0,1,105620
_build/forester-heap/dll-simple-white-blue-1.wat,True,False,990.63,0.0,0,1,103298
_build/forester-heap/dll-circular-1.wat,False,False,1.15,0.0,0,1,29129
_build/forester-heap/dll-circular-2.wat,Crash,False,200.95,0.0,0,0,0
_build/forester-heap/dll-reverse.wat,True,False,987.68,0.0,0,1,103298
_build/forester-heap/dll-rb-sentinel-2.wat,True,False,984.9,0.0,0,1,105163
_build/forester-heap/dll-rb-sentinel-1.wat,True,False,984.83,0.0,0,1,105163
_build/forester-heap/dll-optional-2.wat,True,False,895.85,0.0,0,1,119726
_build/forester-heap/dll-optional-1.wat,True,False,899.4,0.0,0,1,119726
_build/forester-heap/dll-rb-cnstr_1-2.wat,True,False,990.01,0.0,0,1,104208
_build/forester-heap/dll-rb-cnstr_1-1.wat,True,False,985.03,0.0,0,1,106812
_build/forester-heap/dll-queue-1.wat,True,False,986.98,0.0,0,1,108338
_build/forester-heap/dll-01-2.wat,True,False,990.16,0.0,0,1,107559
_build/forester-heap/dll-01-1.wat,True,False,987.72,0.0,0,1,107559
_build/openssl/s3_srvr.blast.16.i.cil-2.wat,True,False,1153.16,0.0,0,1,6970
_build/openssl/s3_srvr.blast.16.i.cil-1.wat,True,False,1152.5,0.0,0,1,6970
_build/openssl/s3_srvr.blast.15.i.cil-2.wat,True,False,1151.12,0.0,0,1,6970
_build/openssl/s3_srvr.blast.15.i.cil-1.wat,True,False,1143.1,0.0,0,1,6970
_build/openssl/s3_srvr.blast.14.i.cil-2.wat,True,False,1153.3,0.0,0,1,6970
_build/openssl/s3_srvr.blast.14.i.cil-1.wat,True,False,1141.47,0.0,0,1,6970
_build/openssl/s3_srvr.blast.13.i.cil-2.wat,True,False,1154.05,0.0,0,1,6970
_build/openssl/s3_srvr.blast.13.i.cil-1.wat,True,False,1139.4,0.0,0,1,6970
_build/openssl/s3_srvr.blast.12.i.cil-2.wat,True,False,1144.67,0.0,0,1,6970
_build/openssl/s3_srvr.blast.12.i.cil-1.wat,True,False,1142.72,0.0,0,1,6970
_build/openssl/s3_srvr.blast.11.i.cil-2.wat,True,False,1134.56,0.0,0,1,6970
_build/openssl/s3_srvr.blast.11.i.cil-1.wat,True,False,1131.13,0.0,0,1,6970
_build/openssl/s3_srvr.blast.10.i.cil-2.wat,True,False,1133.62,0.0,0,1,6970
_build/openssl/s3_srvr.blast.10.i.cil-1.wat,True,False,1142.46,0.0,0,1,6970
_build/openssl/s3_srvr.blast.09.i.cil-2.wat,True,False,1140.21,0.0,0,1,6970
_build/openssl/s3_srvr.blast.09.i.cil-1.wat,True,False,1145.56,0.0,0,1,6970
_build/openssl/s3_srvr.blast.08.i.cil-2.wat,True,False,1139.86,0.0,0,1,6970
_build/openssl/s3_srvr.blast.08.i.cil-1.wat,True,False,1151.5,0.0,0,1,6970
_build/openssl/s3_srvr.blast.07.i.cil-1.wat,True,False,1151.44,0.0,0,1,6970
_build/openssl/s3_srvr.blast.07.i.cil-2.wat,True,False,1166.2,0.0,0,1,6970
_build/openssl/s3_srvr.blast.06.i.cil-2.wat,True,False,1145.08,0.0,0,1,6970
_build/openssl/s3_srvr.blast.06.i.cil-1.wat,True,False,1128.13,0.0,0,1,6970
_build/openssl/s3_srvr.blast.04.i.cil.wat,True,False,1148.41,0.0,0,1,6970
_build/openssl/s3_srvr.blast.03.i.cil.wat,True,False,1143.05,0.0,0,1,6970
_build/openssl/s3_srvr.blast.02.i.cil-2.wat,True,False,1140.99,0.0,0,1,6970
_build/openssl/s3_srvr.blast.02.i.cil-1.wat,True,False,1138.63,0.0,0,1,6970
_build/openssl/s3_srvr.blast.01.i.cil-2.wat,True,False,1139.09,0.0,0,1,6970
_build/openssl/s3_srvr.blast.01.i.cil-1.wat,True,False,1143.08,0.0,0,1,6970
_build/openssl/s3_clnt.blast.04.i.cil-2.wat,True,False,1140.36,0.0,0,1,6970
_build/openssl/s3_clnt.blast.04.i.cil-1.wat,True,False,1146.24,0.0,0,1,6970
_build/openssl/s3_clnt.blast.03.i.cil-2.wat,True,False,1153.52,0.0,0,1,6970
_build/openssl/s3_clnt.blast.03.i.cil-1.wat,True,False,1148.14,0.0,0,1,6970
_build/openssl/s3_clnt.blast.02.i.cil-2.wat,True,False,1151.35,0.0,0,1,6970
_build/openssl/s3_clnt.blast.02.i.cil-1.wat,True,False,1153.22,0.0,0,1,6970
_build/openssl/s3_clnt.blast.01.i.cil-2.wat,True,False,1148.17,0.0,0,1,6970
_build/openssl/s3_clnt.blast.01.i.cil-1.wat,True,False,1150.92,0.0,0,1,6970
_build/array-fpi/ssina.wat,True,False,1149.69,0.0,0,1,8085
_build/array-fpi/ssinaf.wat,True,False,1152.67,0.0,0,1,8085
_build/array-fpi/ss4.wat,True,False,1154.73,0.0,0,1,8085
_build/array-fpi/ss4f.wat,True,False,1149.93,0.0,0,1,8085
_build/array-fpi/ss3.wat,True,False,1147.89,0.0,0,1,8085
_build/array-fpi/ss3f.wat,True,False,1150.28,0.0,0,1,8085
_build/array-fpi/ss2.wat,True,False,1158.13,0.0,0,1,8085
_build/array-fpi/ss2f.wat,True,False,1142.51,0.0,0,1,8085
_build/array-fpi/ss1.wat,True,False,1154.72,0.0,0,1,8085
_build/array-fpi/sqm.wat,True,False,1143.5,0.0,0,1,8085
_build/array-fpi/ss1f.wat,True,False,1152.89,0.0,0,1,8085
_build/array-fpi/sqm-if.wat,True,False,1144.08,0.0,0,1,8085
_build/array-fpi/sqm-iff.wat,True,False,1144.23,0.0,0,1,8085
_build/array-fpi/sqmf.wat,True,False,1133.37,0.0,0,1,8085
_build/array-fpi/sina5.wat,True,False,1138.14,0.0,0,1,8085
_build/array-fpi/sina5f.wat,True,False,1127.12,0.0,0,1,8085
_build/array-fpi/sina4.wat,True,False,1155.94,0.0,0,1,8085
_build/array-fpi/sina2.wat,True,False,1119.74,0.0,0,1,8085
_build/array-fpi/sina4f.wat,True,False,1151.93,0.0,0,1,8085
_build/array-fpi/sina3.wat,True,False,1154.0,0.0,0,1,8085
_build/array-fpi/sina3f.wat,True,False,1162.36,0.0,0,1,8085
_build/array-fpi/sina2f.wat,True,False,1169.24,0.0,0,1,8085
_build/array-fpi/sina1.wat,True,False,1144.58,0.034451,2,3,11720
_build/array-fpi/sina1f.wat,True,False,1161.01,0.0,0,1,8085
_build/array-fpi/s5lif.wat,True,False,1137.24,0.0,0,1,8085
_build/array-fpi/s5liff.wat,True,False,1139.3,0.0,0,1,8085
_build/array-fpi/s5if.wat,True,False,1144.86,0.0,0,1,8085
_build/array-fpi/s5iff.wat,True,False,1146.4,0.0,0,1,8085
_build/array-fpi/s52if.wat,True,False,1147.24,0.0,0,1,8085
_build/array-fpi/s52iff.wat,True,False,1141.01,0.0,0,1,8085
_build/array-fpi/s4lif.wat,True,False,1152.45,0.040945,2,3,11968
_build/array-fpi/s4liff.wat,True,False,1155.41,0.0,0,1,8085
_build/array-fpi/s4if.wat,True,False,1159.83,0.0,0,1,8085
_build/array-fpi/s4iff.wat,True,False,1151.38,0.0,0,1,8085
_build/array-fpi/s42if.wat,True,False,1137.91,0.036859,2,3,12142
_build/array-fpi/s42iff.wat,True,False,1139.45,0.0,0,1,8085
_build/array-fpi/s3lif.wat,True,False,1159.78,0.0,0,1,8085
_build/array-fpi/s3liff.wat,True,False,1142.54,0.0,0,1,8085
_build/array-fpi/s3if.wat,True,False,1142.54,0.0,0,1,8085
_build/array-fpi/s3iff.wat,True,False,1155.44,0.0,0,1,8085
_build/array-fpi/s32if.wat,True,False,1146.52,0.0,0,1,8085
_build/array-fpi/s32iff.wat,True,False,1151.17,0.0,0,1,8085
_build/array-fpi/s2lif.wat,True,False,1145.68,0.0,0,1,8085
_build/array-fpi/s2liff.wat,True,False,1142.93,0.0,0,1,8085
_build/array-fpi/s2if.wat,True,False,1148.29,0.0,0,1,8085
_build/array-fpi/s2iff.wat,True,False,1151.7,0.0,0,1,8085
_build/array-fpi/s22if.wat,True,False,1143.76,0.0,0,1,8085
_build/array-fpi/s22iff.wat,True,False,1147.61,0.0,0,1,8085
_build/array-fpi/s1lif.wat,True,False,1143.18,0.0,0,1,8085
_build/array-fpi/s1liff.wat,True,False,1158.66,0.0,0,1,8085
_build/array-fpi/s1if.wat,True,False,1153.81,0.0,0,1,8085
_build/array-fpi/s1iff.wat,True,False,1163.75,0.0,0,1,8085
_build/array-fpi/s12if.wat,True,False,1146.97,0.0,0,1,8085
_build/array-fpi/s12iff.wat,True,False,1154.47,0.0,0,1,8085
_build/array-fpi/res2.wat,True,False,1136.58,0.073365,2,3,17330
_build/array-fpi/res2o.wat,True,False,1166.52,0.0,0,1,8085
_build/array-fpi/res2of.wat,True,False,1154.71,0.0,0,1,8085
_build/array-fpi/res2f.wat,True,False,1143.5,0.0,0,1,8085
_build/array-fpi/res1.wat,True,False,1157.0,0.0,0,1,8085
_build/array-fpi/res1o.wat,True,False,1158.29,0.0,0,1,8085
_build/array-fpi/res1of.wat,True,False,1149.37,0.0,0,1,8085
_build/array-fpi/res1f.wat,True,False,1144.09,0.0,0,1,8085
_build/array-fpi/pcomp.wat,True,False,1134.23,0.0,0,1,8085
_build/array-fpi/pcompf.wat,True,False,1137.16,0.0,0,1,8085
_build/array-fpi/nsqm.wat,True,False,1163.87,0.0,0,1,8085
_build/array-fpi/nsqm-if.wat,True,False,1141.85,0.0,0,1,8085
_build/array-fpi/nsqm-iff.wat,True,False,1148.23,0.0,0,1,8085
_build/array-fpi/nsqmf.wat,True,False,1151.13,0.0,0,1,8085
_build/array-fpi/ncomp.wat,True,False,1144.42,0.0,0,1,8085
_build/array-fpi/ncompf.wat,True,False,1146.88,0.0,0,1,8085
_build/array-fpi/ms5.wat,True,False,1152.96,0.0,0,1,8085
_build/array-fpi/ms5f.wat,True,False,1128.63,0.0,0,1,8085
_build/array-fpi/ms4.wat,True,False,1149.11,0.0,0,1,8085
_build/array-fpi/ms4f.wat,True,False,1162.95,0.0,0,1,8085
_build/array-fpi/ms3.wat,True,False,1137.59,0.0,0,1,8085
_build/array-fpi/ms3f.wat,True,False,1151.06,0.0,0,1,8085
_build/array-fpi/ms2.wat,True,False,1145.3,0.0,0,1,8085
_build/array-fpi/ms2f.wat,True,False,1141.06,0.0,0,1,8085
_build/array-fpi/ms1.wat,True,False,1149.91,0.0,0,1,8085
_build/array-fpi/mods.wat,True,False,1145.41,0.0,0,1,8085
_build/array-fpi/ms1f.wat,True,False,1153.76,0.0,0,1,8085
_build/array-fpi/modsf.wat,True,False,1139.34,0.0,0,1,8085
_build/array-fpi/modp.wat,True,False,1151.58,0.0,0,1,8085
_build/array-fpi/modpf.wat,True,False,1164.33,0.0,0,1,8085
_build/array-fpi/modn.wat,True,False,1137.31,0.0,0,1,8085
_build/array-fpi/modnf.wat,True,False,1148.52,0.0,0,1,8085
_build/array-fpi/indp5.wat,True,False,1139.1,0.0,0,1,8085
_build/array-fpi/indp4.wat,True,False,1135.73,0.0,0,1,8085
_build/array-fpi/indp5f.wat,True,False,1172.74,0.0,0,1,8085
_build/array-fpi/indp4f.wat,True,False,1143.82,0.0,0,1,8085
_build/array-fpi/indp3.wat,True,False,1144.19,0.0,0,1,8085
_build/array-fpi/indp3f.wat,True,False,1144.84,0.0,0,1,8085
_build/array-fpi/indp2.wat,True,False,1154.13,0.0,0,1,8085
_build/array-fpi/indp2f.wat,True,False,1145.1,0.0,0,1,8085
_build/array-fpi/indp1.wat,True,False,1148.13,0.0,0,1,8085
_build/array-fpi/indp1f.wat,True,False,1144.98,0.0,0,1,8085
_build/array-fpi/ifncomp.wat,True,False,1145.11,0.0,0,1,8085
_build/array-fpi/ifncompf.wat,True,False,1152.03,0.0,0,1,8085
_build/array-fpi/ifeqn5.wat,True,False,1143.12,0.0,0,1,8085
_build/array-fpi/ifeqn4.wat,True,False,1139.18,0.0,0,1,8085
_build/array-fpi/ifeqn5f.wat,True,False,1155.14,0.0,0,1,8085
_build/array-fpi/ifeqn4f.wat,True,False,1158.76,0.0,0,1,8085
_build/array-fpi/ifeqn3.wat,True,False,1157.05,0.0,0,1,8085
_build/array-fpi/ifeqn3f.wat,True,False,1140.44,0.0,0,1,8085
_build/array-fpi/ifeqn2.wat,True,False,1157.24,0.0,0,1,8085
_build/array-fpi/ifeqn2f.wat,True,False,1155.81,0.0,0,1,8085
_build/array-fpi/ifeqn1.wat,True,False,1152.6,0.0,0,1,8085
_build/array-fpi/ifeqn1f.wat,True,False,1157.35,0.0,0,1,8085
_build/array-fpi/ifcomp.wat,True,False,1159.0,0.0,0,1,8085
_build/array-fpi/ifcompf.wat,True,False,1145.09,0.0,0,1,8085
_build/array-fpi/eqn5.wat,True,False,1154.55,0.0,0,1,8085
_build/array-fpi/eqn5f.wat,True,False,1151.23,0.0,0,1,8085
_build/array-fpi/eqn4.wat,True,False,1145.63,0.0,0,1,8085
_build/array-fpi/eqn4f.wat,True,False,1162.95,0.0,0,1,8085
_build/array-fpi/eqn3.wat,True,False,1152.89,0.0,0,1,8085
_build/array-fpi/eqn3f.wat,True,False,1147.0,0.0,0,1,8085
_build/array-fpi/eqn2.wat,True,False,1155.8,0.0,0,1,8085
_build/array-fpi/eqn1.wat,True,False,1156.43,0.0,0,1,8085
_build/array-fpi/eqn2f.wat,True,False,1166.84,0.0,0,1,8085
_build/array-fpi/eqn1f.wat,True,False,1144.47,0.0,0,1,8085
_build/array-fpi/condn.wat,True,False,1133.74,0.0,0,1,8085
_build/array-fpi/condnf.wat,True,False,1145.86,0.0,0,1,8085
_build/array-fpi/brs4.wat,Crash,False,279.46,0.0,0,0,0
_build/array-fpi/condm.wat,True,False,1139.63,0.0,0,1,8085
_build/array-fpi/condmf.wat,True,False,1152.9,0.0,0,1,8085
_build/array-fpi/condg.wat,True,False,1137.47,0.0,0,1,8085
_build/array-fpi/condgf.wat,True,False,1146.97,0.0,0,1,8085
_build/array-fpi/conda.wat,True,False,1137.67,0.0,0,1,8085
_build/array-fpi/brs5f.wat,True,False,1139.09,0.0,0,1,8085
_build/array-fpi/brs5.wat,True,False,1155.12,0.0,0,1,8085
_build/array-fpi/condaf.wat,True,False,1160.98,0.0,0,1,8085
_build/array-fpi/brs4f.wat,True,False,1150.7,0.0,0,1,8085
_build/array-fpi/brs3f.wat,True,False,1138.68,0.0,0,1,8085
_build/array-fpi/brs3.wat,True,False,1153.77,0.0,0,1,8085
_build/array-fpi/brs2.wat,True,False,1112.17,0.0,0,1,8085
_build/array-fpi/brs2f.wat,True,False,1125.44,0.0,0,1,8085
_build/array-fpi/brs1.wat,True,False,1031.24,0.0,0,1,8085
_build/array-fpi/brs1f.wat,True,False,1036.8,0.0,0,1,8085
